{"init_pred": {"__ndarray__": [[-0.03341551704327114], [-0.033504265524207905], [-0.03359759483622102], [-0.03369590087459093], [-0.03379958125259494], [-0.03390903128948761], [-0.03402463949036741], [-0.03414678254185119], [-0.03427581987878603], [-0.034412087919831136], [-0.034555894126773096], [-0.03470751111773032], [-0.03486717116263097], [-0.0350350615161103], [-0.03521132120488754], [-0.03539604009142], [-0.03558926129186374], [-0.03579098834348057], [-0.036001198904382054], [-0.03621986723595014], [-0.03644699827257339], [-0.03668267672725892], [-0.03692713541037168], [-0.03718084773477362], [-0.0374446502071869], [-0.03771990149745602], [-0.038008685329260106], [-0.03831406478853655], [-0.03864039547078932], [-0.03899370387263834], [-0.03938213516852118], [-0.039816470497495204], [-0.040310707539415874], [-0.04088268888308755], [-0.0415547499564006], [-0.042354341815087765], [-0.04331456406854936], [-0.0444745206587098], [-0.04587938829772481], [-0.04758006791336619], [-0.04963227915873719], [-0.05209496452430329], [-0.05502790167484828], [-0.05848848861700745], [-0.06252777080970615], [-0.06718591899765622], [-0.07248752567487735], [-0.07843723651467835], [-0.08501632915600785], [-0.09218085198533274], [-0.09986181026251764], [-0.10796763604432083], [-0.11638884022265719], [-0.12500439133531563], [-0.13368908178200414], [-0.1423209981667302], [-0.15078824009895012], [-0.15899421367366165], [-0.1668611052603263], [-0.17433144446119583], [-0.18136792638904534], [-0.18795184186108685], [-0.19408054816475243], [-0.19976441463155423], [-0.2050236209808294], [-0.20988509936914104], [-0.21437981611623877], [-0.21854050183666704], [-0.22239986771403478], [-0.2259892938081081], [-0.2293379417525994], [-0.2324722261220449], [-0.23541557248221548], [-0.238188392084455], [-0.2408082101894923], [-0.24328989463923437], [-0.2456459417428554], [-0.24788678661781624], [-0.25002111412826367], [-0.2520561541590023], [-0.25399795107162626], [-0.25585160188814726], [-0.2576214612020393], [-0.25931131322997425], [-0.26092451299694475], [-0.26246409958508754], [-0.2639328848391975], [-0.26533352104785446], [-0.26666855101820874], [-0.26794044371924763], [-0.26915161834545787], [-0.2703044592950803], [-0.27140132419539464], [-0.2724445467617078], [-0.27343643595895484], [-0.2743792726513212], [-0.2752753046782954], [-0.2761267410846543], [-0.27693574605495896], [-0.2777044329571523]], "dtype": "float64", "shape": [100, 1], "Corder": true}, "loss": [{"__ndarray__": 100.0, "dtype": "float64", "shape": []}, {"__ndarray__": 96.00040812162024, "dtype": "float64", "shape": []}, {"__ndarray__": 92.08244056728904, "dtype": "float64", "shape": []}, {"__ndarray__": 88.24609733700643, "dtype": "float64", "shape": []}, {"__ndarray__": 84.49137843077237, "dtype": "float64", "shape": []}, {"__ndarray__": 80.81828384858687, "dtype": "float64", "shape": []}, {"__ndarray__": 77.22681359044994, "dtype": "float64", "shape": []}, {"__ndarray__": 73.7169676563616, "dtype": "float64", "shape": []}, {"__ndarray__": 70.2887460463218, "dtype": "float64", "shape": []}, {"__ndarray__": 66.94214876033058, "dtype": "float64", "shape": []}, {"__ndarray__": 63.67717579838791, "dtype": "float64", "shape": []}, {"__ndarray__": 60.49382716049382, "dtype": "float64", "shape": []}, {"__ndarray__": 57.39210284664831, "dtype": "float64", "shape": []}, {"__ndarray__": 54.37200285685134, "dtype": "float64", "shape": []}, {"__ndarray__": 51.43352719110294, "dtype": "float64", "shape": []}, {"__ndarray__": 48.576675849403124, "dtype": "float64", "shape": []}, {"__ndarray__": 45.80144883175187, "dtype": "float64", "shape": []}, {"__ndarray__": 43.10784613814917, "dtype": "float64", "shape": []}, {"__ndarray__": 40.49586776859504, "dtype": "float64", "shape": []}, {"__ndarray__": 37.96551372308948, "dtype": "float64", "shape": []}, {"__ndarray__": 35.51678400163248, "dtype": "float64", "shape": []}, {"__ndarray__": 33.149678604224064, "dtype": "float64", "shape": []}, {"__ndarray__": 30.864197530864196, "dtype": "float64", "shape": []}, {"__ndarray__": 28.660340781552907, "dtype": "float64", "shape": []}, {"__ndarray__": 26.538108356290174, "dtype": "float64", "shape": []}, {"__ndarray__": 24.497500255076016, "dtype": "float64", "shape": []}, {"__ndarray__": 22.538516477910417, "dtype": "float64", "shape": []}, {"__ndarray__": 20.661157024793393, "dtype": "float64", "shape": []}, {"__ndarray__": 18.865421895724925, "dtype": "float64", "shape": []}, {"__ndarray__": 17.151311090705033, "dtype": "float64", "shape": []}, {"__ndarray__": 15.5188246097337, "dtype": "float64", "shape": []}, {"__ndarray__": 13.96796245281094, "dtype": "float64", "shape": []}, {"__ndarray__": 12.498724619936741, "dtype": "float64", "shape": []}, {"__ndarray__": 11.111111111111109, "dtype": "float64", "shape": []}, {"__ndarray__": 9.80512192633405, "dtype": "float64", "shape": []}, {"__ndarray__": 8.58075706560555, "dtype": "float64", "shape": []}, {"__ndarray__": 7.438016528925621, "dtype": "float64", "shape": []}, {"__ndarray__": 6.376900316294255, "dtype": "float64", "shape": []}, {"__ndarray__": 5.39740842771146, "dtype": "float64", "shape": []}, {"__ndarray__": 4.499540863177226, "dtype": "float64", "shape": []}, {"__ndarray__": 3.68329762269156, "dtype": "float64", "shape": []}, {"__ndarray__": 2.9486787062544666, "dtype": "float64", "shape": []}, {"__ndarray__": 2.295684113865933, "dtype": "float64", "shape": []}, {"__ndarray__": 1.7243138455259668, "dtype": "float64", "shape": []}, {"__ndarray__": 1.234567901234567, "dtype": "float64", "shape": []}, {"__ndarray__": 0.8264462809917373, "dtype": "float64", "shape": []}, {"__ndarray__": 0.4999489847974704, "dtype": "float64", "shape": []}, {"__ndarray__": 0.2550760126517704, "dtype": "float64", "shape": []}, {"__ndarray__": 0.09182736455463712, "dtype": "float64", "shape": []}, {"__ndarray__": 0.010203040506070672, "dtype": "float64", "shape": []}, {"__ndarray__": 0.010203040506070672, "dtype": "float64", "shape": []}, {"__ndarray__": 0.09182736455463712, "dtype": "float64", "shape": []}, {"__ndarray__": 0.2550760126517704, "dtype": "float64", "shape": []}, {"__ndarray__": 0.4999489847974704, "dtype": "float64", "shape": []}, {"__ndarray__": 0.8264462809917341, "dtype": "float64", "shape": []}, {"__ndarray__": 1.234567901234567, "dtype": "float64", "shape": []}, {"__ndarray__": 1.7243138455259668, "dtype": "float64", "shape": []}, {"__ndarray__": 2.295684113865933, "dtype": "float64", "shape": []}, {"__ndarray__": 2.948678706254461, "dtype": "float64", "shape": []}, {"__ndarray__": 3.68329762269156, "dtype": "float64", "shape": []}, {"__ndarray__": 4.499540863177226, "dtype": "float64", "shape": []}, {"__ndarray__": 5.39740842771146, "dtype": "float64", "shape": []}, {"__ndarray__": 6.37690031629425, "dtype": "float64", "shape": []}, {"__ndarray__": 7.438016528925616, "dtype": "float64", "shape": []}, {"__ndarray__": 8.58075706560555, "dtype": "float64", "shape": []}, {"__ndarray__": 9.80512192633405, "dtype": "float64", "shape": []}, {"__ndarray__": 11.111111111111114, "dtype": "float64", "shape": []}, {"__ndarray__": 12.498724619936736, "dtype": "float64", "shape": []}, {"__ndarray__": 13.967962452810935, "dtype": "float64", "shape": []}, {"__ndarray__": 15.5188246097337, "dtype": "float64", "shape": []}, {"__ndarray__": 17.151311090705033, "dtype": "float64", "shape": []}, {"__ndarray__": 18.865421895724918, "dtype": "float64", "shape": []}, {"__ndarray__": 20.661157024793383, "dtype": "float64", "shape": []}, {"__ndarray__": 22.538516477910417, "dtype": "float64", "shape": []}, {"__ndarray__": 24.497500255076016, "dtype": "float64", "shape": []}, {"__ndarray__": 26.538108356290163, "dtype": "float64", "shape": []}, {"__ndarray__": 28.660340781552897, "dtype": "float64", "shape": []}, {"__ndarray__": 30.864197530864196, "dtype": "float64", "shape": []}, {"__ndarray__": 33.149678604224064, "dtype": "float64", "shape": []}, {"__ndarray__": 35.51678400163247,